{
  "best_global_step": null,
  "best_metric": null,
  "best_model_checkpoint": null,
  "epoch": 3.0,
  "eval_steps": 500,
  "global_step": 24,
  "is_hyper_param_search": false,
  "is_local_process_zero": true,
  "is_world_process_zero": true,
  "log_history": [
    {
      "epoch": 1.2666666666666666,
      "grad_norm": 10.058521270751953,
      "learning_rate": 3.125e-05,
      "loss": 5.7213,
      "step": 10
    },
    {
      "epoch": 2.533333333333333,
      "grad_norm": 8.800859451293945,
      "learning_rate": 1.0416666666666668e-05,
      "loss": 4.3931,
      "step": 20
    }
  ],
  "logging_steps": 10,
  "max_steps": 24,
  "num_input_tokens_seen": 0,
  "num_train_epochs": 3,
  "save_steps": 500,
  "stateful_callbacks": {
    "TrainerControl": {
      "args": {
        "should_epoch_stop": false,
        "should_evaluate": false,
        "should_log": false,
        "should_save": true,
        "should_training_stop": true
      },
      "attributes": {}
    }
  },
  "total_flos": 538110874091520.0,
  "train_batch_size": 2,
  "trial_name": null,
  "trial_params": null
}
