{
  "best_global_step": null,
  "best_metric": null,
  "best_model_checkpoint": null,
  "epoch": 2.0,
  "eval_steps": 500,
  "global_step": 16,
  "is_hyper_param_search": false,
  "is_local_process_zero": true,
  "is_world_process_zero": true,
  "log_history": [
    {
      "epoch": 1.2666666666666666,
      "grad_norm": 4.221679210662842,
      "learning_rate": 3.3333333333333335e-05,
      "loss": 4.5167,
      "step": 10
    }
  ],
  "logging_steps": 10,
  "max_steps": 24,
  "num_input_tokens_seen": 0,
  "num_train_epochs": 3,
  "save_steps": 500,
  "stateful_callbacks": {
    "TrainerControl": {
      "args": {
        "should_epoch_stop": false,
        "should_evaluate": false,
        "should_log": false,
        "should_save": true,
        "should_training_stop": false
      },
      "attributes": {}
    }
  },
  "total_flos": 359054652211200.0,
  "train_batch_size": 2,
  "trial_name": null,
  "trial_params": null
}
